-- MySQL dump 10.13  Distrib 5.7.20, for Linux (x86_64)
--
-- Host: localhost    Database: feedr
-- ------------------------------------------------------
-- Server version	5.7.20-0ubuntu0.16.04.1

/*!40101 SET @OLD_CHARACTER_SET_CLIENT=@@CHARACTER_SET_CLIENT */;
/*!40101 SET @OLD_CHARACTER_SET_RESULTS=@@CHARACTER_SET_RESULTS */;
/*!40101 SET @OLD_COLLATION_CONNECTION=@@COLLATION_CONNECTION */;
/*!40101 SET NAMES utf8 */;
/*!40103 SET @OLD_TIME_ZONE=@@TIME_ZONE */;
/*!40103 SET TIME_ZONE='+00:00' */;
/*!40014 SET @OLD_UNIQUE_CHECKS=@@UNIQUE_CHECKS, UNIQUE_CHECKS=0 */;
/*!40014 SET @OLD_FOREIGN_KEY_CHECKS=@@FOREIGN_KEY_CHECKS, FOREIGN_KEY_CHECKS=0 */;
/*!40101 SET @OLD_SQL_MODE=@@SQL_MODE, SQL_MODE='NO_AUTO_VALUE_ON_ZERO' */;
/*!40111 SET @OLD_SQL_NOTES=@@SQL_NOTES, SQL_NOTES=0 */;

--
-- Table structure for table `feeds`
--

DROP TABLE IF EXISTS `feeds`;
/*!40101 SET @saved_cs_client     = @@character_set_client */;
/*!40101 SET character_set_client = utf8 */;
CREATE TABLE `feeds` (
  `id` int(6) unsigned NOT NULL AUTO_INCREMENT,
  `link` varchar(1000) DEFAULT NULL,
  `addition_date` date DEFAULT NULL,
  `user_id` int(6) unsigned DEFAULT NULL,
  PRIMARY KEY (`id`),
  KEY `user_id` (`user_id`),
  CONSTRAINT `feeds_ibfk_1` FOREIGN KEY (`user_id`) REFERENCES `users` (`id`)
) ENGINE=InnoDB AUTO_INCREMENT=19 DEFAULT CHARSET=latin1;
/*!40101 SET character_set_client = @saved_cs_client */;

--
-- Dumping data for table `feeds`
--

LOCK TABLES `feeds` WRITE;
/*!40000 ALTER TABLE `feeds` DISABLE KEYS */;
INSERT INTO `feeds` VALUES (16,'https://stackoverflow.com/feeds/tag?tagnames=rome','2017-12-13',6),(17,'https://stackoverflow.com/feeds/tag?tagnames=css','2017-12-13',6),(18,'https://stackoverflow.com/feeds/tag?tagnames=html5','2017-12-13',6);
/*!40000 ALTER TABLE `feeds` ENABLE KEYS */;
UNLOCK TABLES;

--
-- Table structure for table `pages`
--

DROP TABLE IF EXISTS `pages`;
/*!40101 SET @saved_cs_client     = @@character_set_client */;
/*!40101 SET character_set_client = utf8 */;
CREATE TABLE `pages` (
  `id` int(6) unsigned NOT NULL AUTO_INCREMENT,
  `title` text,
  `description` text,
  `link` varchar(1000) DEFAULT NULL,
  `publish_date` date DEFAULT NULL,
  `content` text,
  `is_read` tinyint(1) DEFAULT NULL,
  `is_favourite` tinyint(1) DEFAULT NULL,
  `feed_id` int(6) unsigned DEFAULT NULL,
  PRIMARY KEY (`id`),
  KEY `feed_id` (`feed_id`),
  CONSTRAINT `pages_ibfk_1` FOREIGN KEY (`feed_id`) REFERENCES `feeds` (`id`)
) ENGINE=InnoDB AUTO_INCREMENT=88 DEFAULT CHARSET=latin1;
/*!40101 SET character_set_client = @saved_cs_client */;

--
-- Dumping data for table `pages`
--

LOCK TABLES `pages` WRITE;
/*!40000 ALTER TABLE `pages` DISABLE KEYS */;
INSERT INTO `pages` VALUES (67,'How to limit number of downloaded (parsed) entries (items) in ROME Fetcher','SyndContentImpl.mode=null\nSyndContentImpl.type=html\nSyndContentImpl.interface=interface com.sun.syndication.feed.synd.SyndContent\nSyndContentImpl.value=\n            \n\n            <p>I am using <code>ROME</code> &amp; <code>ROME Fetcher</code> for getting Feeds (<code>ATOM/RSS</code>) in my <code>JavaEE</code> web application. </p>\n\n<p>In some cases I would like to limit number of downloaded/parsed entries/items. I want to avoid this scenario: get all and ten just make <code>subList()</code>.</p>\n\n<p>Any ideas or anybody solved this somehow ?</p>\n\n<p>Thanks.</p>\n\n<ul>\n<li><a href=\"https://github.com/rometools/rome\" rel=\"nofollow\">Rome</a></li>\n<li><a href=\"https://github.com/rometools/rome-fetcher\" rel=\"nofollow\">Rome Fetcher</a></li>\n</ul>\n\n        \n','https://stackoverflow.com/questions/34918967/how-to-limit-number-of-downloaded-parsed-entries-items-in-rome-fetcher','2016-01-21','null',1,0,16),(68,'Atom:link in RSS using Rome','SyndContentImpl.mode=null\nSyndContentImpl.type=html\nSyndContentImpl.interface=interface com.sun.syndication.feed.synd.SyndContent\nSyndContentImpl.value=\n            \n\n            <p>It is <a href=\"http://www.rssboard.org/rss-profile#namespace-elements-atom-link\" rel=\"nofollow\">recommended</a> to add  to RSS 2.0.</p>\n\n<p>I am wondering if there is any Rome module available to add this tag? Like what they developed for content, media, <a href=\"https://rometools.jira.com/wiki/display/MODULES/Home\" rel=\"nofollow\">etc</a>. </p>\n\n        \n','https://stackoverflow.com/questions/18112949/atomlink-in-rss-using-rome','2013-08-07','null',0,0,16),(70,'Valid RSS 2.0 Using Rome','SyndContentImpl.mode=null\nSyndContentImpl.type=html\nSyndContentImpl.interface=interface com.sun.syndication.feed.synd.SyndContent\nSyndContentImpl.value=\n            \n\n            <p>Im using <a href=\"https://rometools.jira.com/wiki/display/ROME/Home\" rel=\"noreferrer\">rome 1.0</a> to generate RSS for my java application.</p>\n\n<p>In my java:</p>\n\n<pre><code>    SyndFeed feed = new SyndFeedImpl();\n    feed.setFeedType( \"rss_2.0\" );\n    feed.setTitle( \"My Site\" );\n    feed.setLink( \"http://example.com\" );\n    feed.setDescription( \"Test Site.\" );    \n\n    List&lt;SyndEntry&gt; entries = new ArrayList&lt;SyndEntry&gt;();\n    SyndEntry entry = null;\n    SyndContent description = null;\n\n    entry = new SyndEntryImpl();\n    entry.setTitle( \"Entry1\" );\n    entry.setLink( \"http://example.com/entry1\" );\n    entry.setPublishedDate( new Date() );\n\n    description = new SyndContentImpl();\n    description.setType(\"text/html\");\n    description.setValue( \"This is the content of entry 1.\" );\n    entry.setDescription( description );\n\n    entries.add( entry );\n    feed.setEntries(entries);\n\n    Writer writer = new FileWriter(\"/home/jr/Desktop/stream.xml\");\n    SyndFeedOutput output = new SyndFeedOutput();\n    output.output(feed,writer);\n    writer.close();\n</code></pre>\n\n<p>The generated RSS:</p>\n\n<pre><code>&lt;?xml version=\"1.0\" encoding=\"UTF-8\"?&gt;\n&lt;rss xmlns:dc=\"http://purl.org/dc/elements/1.1/\" version=\"2.0\"&gt;\n  &lt;channel&gt;\n    &lt;title&gt;My Site&lt;/title&gt;\n    &lt;link&gt;http://example.com&lt;/link&gt;\n    &lt;description&gt;Test Site.&lt;/description&gt;\n    &lt;item&gt;\n      &lt;title&gt;Entry1&lt;/title&gt;\n      &lt;link&gt;http://example.com/entry1&lt;/link&gt;\n      &lt;description&gt;This is the content of entry 1.&lt;/description&gt;\n      &lt;pubDate&gt;Fri, 09 Nov 2012 01:28:57 GMT&lt;/pubDate&gt;\n      &lt;guid&gt;http://example.com/entry1&lt;/guid&gt;\n      &lt;dc:date&gt;2012-11-09T01:28:57Z&lt;/dc:date&gt;\n    &lt;/item&gt;\n  &lt;/channel&gt;\n&lt;/rss&gt;\n</code></pre>\n\n<p>When RSS is validated <a href=\"http://validator.w3.org/appc/\" rel=\"noreferrer\">here</a>, it has the following recommendations:</p>\n\n<ul>\n<li>An item should not include both pubDate and dc:date </li>\n<li>Missing atom:link with rel=\"self\"</li>\n</ul>\n\n<p>How to do the recommendation in rome library? Is the generated RSS ok?</p>\n\n<p>Thanks.</p>\n\n        \n','https://stackoverflow.com/questions/13300903/valid-rss-2-0-using-rome','2012-11-09','null',0,0,16),(71,'How to add RSS sources at Run time [duplicate]','SyndContentImpl.mode=null\nSyndContentImpl.type=html\nSyndContentImpl.interface=interface com.sun.syndication.feed.synd.SyndContent\nSyndContentImpl.value=\n            \n<div class=\"question-status question-originals-of-duplicate\">\n    <p>This question already has an answer here:</p>\n    <ul>\n        <li>\n            <a href=\"/questions/33554725/spring-integration-how-to-read-multiple-rss-channels\" dir=\"ltr\">Spring Integration: how to read multiple RSS channels?</a>\n                <span class=\"question-originals-answer-count\">\n                    1 answer\n                </span>\n        </li>\n    </ul>\n    </div>\n\n            <p>We are trying to implement multiple source URL with meta store spring integration RSS feed </p>\n\n<p>My Questions</p>\n\n<ol>\n<li>if we want to add more sources at run time how we can achieve it?</li>\n<li>How to handle duplicates in case of multiple sources.</li>\n<li>Is there any other way to do the same <a href=\"https://stackoverflow.com/questions/33554725/spring-integration-how-to-read-multiple-rss-channels\">for now i am following this</a></li>\n</ol>\n\n        \n','https://stackoverflow.com/questions/41565912/how-to-add-rss-sources-at-run-time','2017-01-10','null',1,0,16),(72,'Parsing a feed with rss version=\"2\"','SyndContentImpl.mode=null\nSyndContentImpl.type=html\nSyndContentImpl.interface=interface com.sun.syndication.feed.synd.SyndContent\nSyndContentImpl.value=\n            \n\n            <p>I am trying to parse an RSS feed with Java ROME which has this incorrect version:</p>\n\n<pre><code>&lt;rss version=\"2\"&gt;\n</code></pre>\n\n<p>When I change it to <code>\"2.0\"</code> it parses correctly. How can I work around this using Java ROME?</p>\n\n<p>I could subclass <code>RSS20Parser</code> and override <code>isMyType</code> but where and how do I register this new parser?</p>\n\n        \n','https://stackoverflow.com/questions/41485309/parsing-a-feed-with-rss-version-2','2017-01-05','null',1,0,16),(73,'RSS Rome not working due to JDOM dependency','SyndContentImpl.mode=null\nSyndContentImpl.type=html\nSyndContentImpl.interface=interface com.sun.syndication.feed.synd.SyndContent\nSyndContentImpl.value=\n            \n\n            <p>I am trying to get ROM RSS to work and the JDOM dependency is not working with it. Apparently this is because the JDOM libraries use the package org.jdom2.Document type classes not the org.jdom.Document classes that Rome is expecting. Apparently Rome is ancient and has not been maintained since 2009.</p>\n\n<p>What is the solution here? Do I need to dredge up some ancient version of JDOM that Rome is actually compatible with or is there an alternative to Rome that has been maintained within the current decade and can work with the latest JDOM releases?</p>\n\n        \n','https://stackoverflow.com/questions/40412517/rss-rome-not-working-due-to-jdom-dependency','2016-11-04','null',1,1,16),(74,'RSS Feed - While parsing closing tag exception occurs','SyndContentImpl.mode=null\nSyndContentImpl.type=html\nSyndContentImpl.interface=interface com.sun.syndication.feed.synd.SyndContent\nSyndContentImpl.value=\n            \n\n            <p>I am using rome-1.5.jar for parsing RSS Feed. But when it parse some rss feed it gives an error of closing meta tag. </p>\n\n<p>RSS Feed link : <a href=\"http://www.nytimes.com/services/xml/rss/index.html\" rel=\"nofollow\">NewYork Times RSS Feed Link</a></p>\n\n<p>here is the code</p>\n\n<pre><code> public static SyndFeed getRssFeed(String rsslUrl){\n      try {\n          URL url = new URL(rsslUrl);\n          HttpURLConnection httpcon = (HttpURLConnection) url.openConnection();\n          httpcon.addRequestProperty(\"User-Agent\", \"Mozilla/4.76\");\n          SyndFeedInput input = new SyndFeedInput();\n          return input.build(new XmlReader(httpcon.getInputStream()));\n    } catch (Exception e) {\n        e.printStackTrace();\n        return null;\n    }\n  }\n</code></pre>\n\n<p>Here is the exception</p>\n\n<pre><code>com.rometools.rome.io.ParsingFeedException: Invalid XML: Error on line 45: The element type \"meta\" must be terminated by the matching end-tag \"&lt;/meta&gt;\".\n    at com.rometools.rome.io.WireFeedInput.build(WireFeedInput.java:215)\n    at com.rometools.rome.io.SyndFeedInput.build(SyndFeedInput.java:133)\n    at com.gold.eloop.server.util.RssUtil.getRssFeed(RssUtil.java:132)\n    at com.gold.eloop.server.util.RssUtil.getRssForProfile(RssUtil.java:228)\n    at com.gold.eloop.server.util.RssUtil.mergeRssProfiles(RssUtil.java:269)\n    at com.gold.eloop.server.util.outbound.MailMerger.getTransmission(MailMerger.java:581)\n    at com.gold.eloop.server.services.MessageServiceImpl.sendTestMessage(MessageServiceImpl.java:192)\n    at com.gold.eloop.server.remoteservices.MessageServiceRemote.sendTestMessage(MessageServiceRemote.java:309)\n    at sun.reflect.NativeMethodAccessorImpl.invoke0(Native Method)\n    at sun.reflect.NativeMethodAccessorImpl.invoke(Unknown Source)\n    at sun.reflect.DelegatingMethodAccessorImpl.invoke(Unknown Source)\n    at java.lang.reflect.Method.invoke(Unknown Source)\n    at com.google.gwt.user.server.rpc.RPC.invokeAndEncodeResponse(RPC.java:562)\n    at com.google.gwt.user.server.rpc.RemoteServiceServlet.processCall(RemoteServiceServlet.java:188)\n    at com.google.gwt.user.server.rpc.RemoteServiceServlet.processPost(RemoteServiceServlet.java:224)\n    at com.google.gwt.user.server.rpc.AbstractRemoteServiceServlet.doPost(AbstractRemoteServiceServlet.java:62)\n    at javax.servlet.http.HttpServlet.service(HttpServlet.java:727)\n    at javax.servlet.http.HttpServlet.service(HttpServlet.java:820)\n    at org.mortbay.jetty.servlet.ServletHolder.handle(ServletHolder.java:487)\n    at org.mortbay.jetty.servlet.ServletHandler.handle(ServletHandler.java:362)\n    at org.mortbay.jetty.security.SecurityHandler.handle(SecurityHandler.java:216)\n    at org.mortbay.jetty.servlet.SessionHandler.handle(SessionHandler.java:181)\n    at org.mortbay.jetty.handler.ContextHandler.handle(ContextHandler.java:729)\n    at org.mortbay.jetty.webapp.WebAppContext.handle(WebAppContext.java:405)\n    at org.mortbay.jetty.handler.HandlerWrapper.handle(HandlerWrapper.java:152)\n    at org.mortbay.jetty.handler.RequestLogHandler.handle(RequestLogHandler.java:49)\n    at org.mortbay.jetty.handler.HandlerWrapper.handle(HandlerWrapper.java:152)\n    at org.mortbay.jetty.Server.handle(Server.java:324)\n    at org.mortbay.jetty.HttpConnection.handleRequest(HttpConnection.java:505)\n    at org.mortbay.jetty.HttpConnection$RequestHandler.content(HttpConnection.java:843)\n    at org.mortbay.jetty.HttpParser.parseNext(HttpParser.java:647)\n    at org.mortbay.jetty.HttpParser.parseAvailable(HttpParser.java:211)\n    at org.mortbay.jetty.HttpConnection.handle(HttpConnection.java:380)\n    at org.mortbay.io.nio.SelectChannelEndPoint.run(SelectChannelEndPoint.java:395)\n    at org.mortbay.thread.QueuedThreadPool$PoolThread.run(QueuedThreadPool.java:488)\nCaused by: org.jdom2.input.JDOMParseException: Error on line 45: The element type \"meta\" must be terminated by the matching end-tag \"&lt;/meta&gt;\".\n    at org.jdom2.input.sax.SAXBuilderEngine.build(SAXBuilderEngine.java:232)\n    at org.jdom2.input.sax.SAXBuilderEngine.build(SAXBuilderEngine.java:303)\n    at org.jdom2.input.SAXBuilder.build(SAXBuilder.java:1196)\n    at com.rometools.rome.io.WireFeedInput.build(WireFeedInput.java:212)\n    ... 34 more\nCaused by: org.xml.sax.SAXParseException; lineNumber: 45; columnNumber: 9; The element type \"meta\" must be terminated by the matching end-tag \"&lt;/meta&gt;\".\n    at com.sun.org.apache.xerces.internal.util.ErrorHandlerWrapper.createSAXParseException(Unknown Source)\n    at com.sun.org.apache.xerces.internal.util.ErrorHandlerWrapper.fatalError(Unknown Source)\n    at com.sun.org.apache.xerces.internal.impl.XMLErrorReporter.reportError(Unknown Source)\n    at com.sun.org.apache.xerces.internal.impl.XMLErrorReporter.reportError(Unknown Source)\n    at com.sun.org.apache.xerces.internal.impl.XMLScanner.reportFatalError(Unknown Source)\n    at com.sun.org.apache.xerces.internal.impl.XMLDocumentFragmentScannerImpl.scanEndElement(Unknown Source)\n    at com.sun.org.apache.xerces.internal.impl.XMLDocumentFragmentScannerImpl$FragmentContentDriver.next(Unknown Source)\n    at com.sun.org.apache.xerces.internal.impl.XMLDocumentScannerImpl.next(Unknown Source)\n    at com.sun.org.apache.xerces.internal.impl.XMLNSDocumentScannerImpl.next(Unknown Source)\n    at com.sun.org.apache.xerces.internal.impl.XMLDocumentFragmentScannerImpl.scanDocument(Unknown Source)\n    at com.sun.org.apache.xerces.internal.parsers.XML11Configuration.parse(Unknown Source)\n    at com.sun.org.apache.xerces.internal.parsers.XML11Configuration.parse(Unknown Source)\n    at com.sun.org.apache.xerces.internal.parsers.XMLParser.parse(Unknown Source)\n    at com.sun.org.apache.xerces.internal.parsers.AbstractSAXParser.parse(Unknown Source)\n    at com.sun.org.apache.xerces.internal.jaxp.SAXParserImpl$JAXPSAXParser.parse(Unknown Source)\n    at org.jdom2.input.sax.SAXBuilderEngine.build(SAXBuilderEngine.java:217)\n    ... 37 more\n</code></pre>\n\n<p>Is any I did wrong in this code. Please help me out to resolve this error.</p>\n\n        \n','https://stackoverflow.com/questions/40130682/rss-feed-while-parsing-closing-tag-exception-occurs','2016-10-19','null',1,0,16),(75,'Centering the link as the button','SyndContentImpl.mode=null\nSyndContentImpl.type=html\nSyndContentImpl.interface=interface com.sun.syndication.feed.synd.SyndContent\nSyndContentImpl.value=\n            \n\n            <p><div class=\"snippet\" data-lang=\"js\" data-hide=\"false\" data-console=\"true\" data-babel=\"false\">\n<div class=\"snippet-code\">\n<pre class=\"snippet-code-css lang-css prettyprint-override\"><code>.button {\n  display: block;\n  text-decoration: none;\n  color: #103d82;\n  background: #fff;\n  border: 1px solid #d2cfcd;\n  font-size: 1.4rem;\n  line-height: 1;\n  padding: 10px;\n  text-align: center; \n}\n\ndiv .button {\n  margin: 0 auto;\n}</code></pre>\n<pre class=\"snippet-code-html lang-html prettyprint-override\"><code>&lt;div&gt;\n  &lt;a href=\"#\" class=\"button\"&gt;Link&lt;/a&gt;\n&lt;/div&gt;\n&lt;div&gt;\n  &lt;button type=\"button\" class=\"button\"&gt;Button&lt;/button&gt;\n&lt;/div&gt;</code></pre>\n</div>\n</div>\n</p>\n\n<p>My two elements have the same CSS, however button is centered and not my link.\nHow to do the width of the link is calculated in the same way as the button?\nIs it possible without added properties to the container?</p>\n\n<p>Thanks</p>\n\n        \n','https://stackoverflow.com/questions/47791510/centering-the-link-as-the-button','2017-12-13','null',1,1,17),(76,'Making the widths of columns in a \"floating\" table header fixed','SyndContentImpl.mode=null\nSyndContentImpl.type=html\nSyndContentImpl.interface=interface com.sun.syndication.feed.synd.SyndContent\nSyndContentImpl.value=\n            \n\n            <p>I have a <strong>floating</strong> HTML <code>table header</code>, which remains at the top when the table is being scrolled through. I have implemented in by cloning the header of the original table and then hiding / showing it based on the scroll position. </p>\n\n<p>When my table had a few columns, the \"floating-header\" had the same column width as the columns in the original table, due to this code:</p>\n\n<pre><code>$headerClone.children().outerWidth(function(i,val){\n    return $headerGrandChildren.eq(i).outerWidth(true);\n});\n</code></pre>\n\n<p>However, now that the table has more columns and goes over the page right margin, the \"floating-header\" width is being adjusted and squeezed, disregarding the set <code>width=x</code> style element and the <code>table-layout: fixed;</code> CSS, see screenshot:</p>\n\n<p><a href=\"https://i.stack.imgur.com/fk4zS.png\" rel=\"nofollow noreferrer\"><img src=\"https://i.stack.imgur.com/fk4zS.png\" alt=\"enter image description here\"></a></p>\n\n<p>I have read that <code>\"The browser will then set column widths based on the width of cells in the first row of the table\"</code> in <a href=\"https://stackoverflow.com/questions/4457506/set-the-table-column-width-constant-regardless-of-the-amount-of-text-in-its-cell\">here</a>.</p>\n\n<p><strong>Question:</strong> how to best set the fixed size of the \"floating-header\"? Should I create an invisible row that would accompany the \"fixed-header\" so it would not resize as soon as my table is wider than the page?</p>\n\n        \n','https://stackoverflow.com/questions/47780456/making-the-widths-of-columns-in-a-floating-table-header-fixed','2017-12-12','null',1,0,17),(77,'How to Style the Divi Slider with a Static Description by Removing the Description Transition','SyndContentImpl.mode=null\nSyndContentImpl.type=html\nSyndContentImpl.interface=interface com.sun.syndication.feed.synd.SyndContent\nSyndContentImpl.value=\n            \n\n            <p>Please, anyone, help me to do this? I need a slider whose text description as static and the background image moves.</p>\n\n        \n','https://stackoverflow.com/questions/47791781/how-to-style-the-divi-slider-with-a-static-description-by-removing-the-descripti','2017-12-13','null',1,1,17),(78,'How to make this table responsive and borderd?','SyndContentImpl.mode=null\nSyndContentImpl.type=html\nSyndContentImpl.interface=interface com.sun.syndication.feed.synd.SyndContent\nSyndContentImpl.value=\n            \n\n            <p>I have designed horizontal and vertical based table but it is not responsive and data looks awkward. Above the first name in all the  row i have declare row header for each. And the table should be bordered. Here intention is to create vertical and horizontal table because lot of data should be entered.</p>\n\n<p><div class=\"snippet\" data-lang=\"js\" data-hide=\"false\" data-console=\"true\" data-babel=\"false\">\n<div class=\"snippet-code\">\n<pre class=\"snippet-code-html lang-html prettyprint-override\"><code>&lt;!DOCTYPE html&gt;\n&lt;html&gt;\n&lt;head&gt;\n&lt;style&gt;\ntable {\n    border-collapse: collapse;\n    border-spacing: 0;\n    width: 100%;\n    border: 1px solid #ddd;\n}\n\nth, td {\n    text-align: left;\n    padding: 8px;\n}\n\ntr:nth-child(even){background-color: #f2f2f2}\n&lt;/style&gt;\n&lt;/head&gt;\n&lt;body&gt;\n\n\n\n&lt;div style=\"overflow-x:auto;\"&gt;\n  &lt;table&gt;\n    &lt;tr&gt;\n      &lt;th&gt;First Name&lt;/th&gt;\n      &lt;th&gt;Last Name&lt;/th&gt;\n      &lt;th&gt;Points&lt;/th&gt;\n      &lt;th&gt;Points&lt;/th&gt;\n      &lt;th&gt;Points&lt;/th&gt;\n      &lt;th&gt;Points&lt;/th&gt;\n      &lt;th&gt;Points&lt;/th&gt;\n      &lt;th&gt;Points&lt;/th&gt;\n      &lt;th&gt;Points&lt;/th&gt;\n      &lt;th&gt;Points&lt;/th&gt;\n      &lt;th&gt;Points&lt;/th&gt;\n      &lt;th&gt;Points&lt;/th&gt;\n    &lt;/tr&gt;\n    &lt;tr&gt;\n      &lt;td&gt;Jill&lt;/td&gt;\n      &lt;td&gt;Smith&lt;/td&gt;\n      &lt;td&gt;50&lt;/td&gt;\n      &lt;td&gt;50&lt;/td&gt;\n      &lt;td&gt;50&lt;/td&gt;\n      &lt;td&gt;50&lt;/td&gt;\n      &lt;td&gt;50&lt;/td&gt;\n      &lt;td&gt;50&lt;/td&gt;\n      &lt;td&gt;50&lt;/td&gt;\n      &lt;td&gt;50&lt;/td&gt;\n      &lt;td&gt;50&lt;/td&gt;\n      &lt;td&gt;50&lt;/td&gt;\n    &lt;/tr&gt;\n    &lt;tr&gt;\n      &lt;td&gt;Eve&lt;/td&gt;\n      &lt;td&gt;Jackson&lt;/td&gt;\n      &lt;td&gt;94&lt;/td&gt;\n      &lt;td&gt;94&lt;/td&gt;\n      &lt;td&gt;94&lt;/td&gt;\n      &lt;td&gt;94&lt;/td&gt;\n      &lt;td&gt;94&lt;/td&gt;\n      &lt;td&gt;94&lt;/td&gt;\n      &lt;td&gt;94&lt;/td&gt;\n      &lt;td&gt;94&lt;/td&gt;\n      &lt;td&gt;94&lt;/td&gt;\n      &lt;td&gt;94&lt;/td&gt;\n    &lt;/tr&gt;\n    &lt;tr&gt;\n      &lt;td&gt;Adam&lt;/td&gt;\n      &lt;td&gt;Johnson&lt;/td&gt;\n      &lt;td&gt;67&lt;/td&gt;\n      &lt;td&gt;67&lt;/td&gt;\n      &lt;td&gt;67&lt;/td&gt;\n      &lt;td&gt;67&lt;/td&gt;\n      &lt;td&gt;67&lt;/td&gt;\n      &lt;td&gt;67&lt;/td&gt;\n      &lt;td&gt;67&lt;/td&gt;\n      &lt;td&gt;67&lt;/td&gt;\n      &lt;td&gt;67&lt;/td&gt;\n      &lt;td&gt;67&lt;/td&gt;\n    &lt;/tr&gt;\n    &lt;tr&gt;\n      &lt;th&gt;First Name&lt;/th&gt;\n      &lt;th&gt;Last Name&lt;/th&gt;\n      &lt;th&gt;Points&lt;/th&gt;\n      &lt;th&gt;Points&lt;/th&gt;\n      &lt;th&gt;Points&lt;/th&gt;\n      &lt;th&gt;Points&lt;/th&gt;\n      &lt;th&gt;Points&lt;/th&gt;\n      &lt;th&gt;Points&lt;/th&gt;\n      &lt;th&gt;Points&lt;/th&gt;\n      &lt;th&gt;Points&lt;/th&gt;\n      &lt;th&gt;Points&lt;/th&gt;\n      &lt;th&gt;Points&lt;/th&gt;\n    &lt;/tr&gt;\n    &lt;tr&gt;\n      &lt;td&gt;Jill&lt;/td&gt;\n      &lt;td&gt;Smith&lt;/td&gt;\n      &lt;td&gt;50&lt;/td&gt;\n      &lt;td&gt;50&lt;/td&gt;\n      &lt;td&gt;50&lt;/td&gt;\n      &lt;td&gt;50&lt;/td&gt;\n      &lt;td&gt;50&lt;/td&gt;\n      &lt;td&gt;50&lt;/td&gt;\n      &lt;td&gt;50&lt;/td&gt;\n      &lt;td&gt;50&lt;/td&gt;\n      &lt;td&gt;50&lt;/td&gt;\n      &lt;td&gt;50&lt;/td&gt;\n    &lt;/tr&gt;\n    &lt;tr&gt;\n      &lt;td&gt;Eve&lt;/td&gt;\n      &lt;td&gt;Jackson&lt;/td&gt;\n      &lt;td&gt;94&lt;/td&gt;\n      &lt;td&gt;94&lt;/td&gt;\n      &lt;td&gt;94&lt;/td&gt;\n      &lt;td&gt;94&lt;/td&gt;\n      &lt;td&gt;94&lt;/td&gt;\n      &lt;td&gt;94&lt;/td&gt;\n      &lt;td&gt;94&lt;/td&gt;\n      &lt;td&gt;94&lt;/td&gt;\n      &lt;td&gt;94&lt;/td&gt;\n      &lt;td&gt;94&lt;/td&gt;\n    &lt;/tr&gt;\n    &lt;tr&gt;\n      &lt;td&gt;Adam&lt;/td&gt;\n      &lt;td&gt;Johnson&lt;/td&gt;\n      &lt;td&gt;67&lt;/td&gt;\n      &lt;td&gt;67&lt;/td&gt;\n      &lt;td&gt;67&lt;/td&gt;\n      &lt;td&gt;67&lt;/td&gt;\n      &lt;td&gt;67&lt;/td&gt;\n      &lt;td&gt;67&lt;/td&gt;\n      &lt;td&gt;67&lt;/td&gt;\n      &lt;td&gt;67&lt;/td&gt;\n      &lt;td&gt;67&lt;/td&gt;\n      &lt;td&gt;67&lt;/td&gt;\n    &lt;/tr&gt;\n  &lt;/table&gt;\n  &lt;tr&gt;\n      &lt;th&gt;First Name&lt;/th&gt;\n      &lt;th&gt;Last Name&lt;/th&gt;\n      &lt;th&gt;Points&lt;/th&gt;\n      &lt;th&gt;Points&lt;/th&gt;\n      &lt;th&gt;Points&lt;/th&gt;\n      &lt;th&gt;Points&lt;/th&gt;\n      &lt;th&gt;Points&lt;/th&gt;\n      &lt;th&gt;Points&lt;/th&gt;\n      &lt;th&gt;Points&lt;/th&gt;\n      &lt;th&gt;Points&lt;/th&gt;\n      &lt;th&gt;Points&lt;/th&gt;\n      &lt;th&gt;Points&lt;/th&gt;\n    &lt;/tr&gt;\n    &lt;tr&gt;\n      &lt;td&gt;Jill&lt;/td&gt;\n      &lt;td&gt;Smith&lt;/td&gt;\n      &lt;td&gt;50&lt;/td&gt;\n      &lt;td&gt;50&lt;/td&gt;\n      &lt;td&gt;50&lt;/td&gt;\n      &lt;td&gt;50&lt;/td&gt;\n      &lt;td&gt;50&lt;/td&gt;\n      &lt;td&gt;50&lt;/td&gt;\n      &lt;td&gt;50&lt;/td&gt;\n      &lt;td&gt;50&lt;/td&gt;\n      &lt;td&gt;50&lt;/td&gt;\n      &lt;td&gt;50&lt;/td&gt;\n    &lt;/tr&gt;\n    &lt;tr&gt;\n      &lt;td&gt;Eve&lt;/td&gt;\n      &lt;td&gt;Jackson&lt;/td&gt;\n      &lt;td&gt;94&lt;/td&gt;\n      &lt;td&gt;94&lt;/td&gt;\n      &lt;td&gt;94&lt;/td&gt;\n      &lt;td&gt;94&lt;/td&gt;\n      &lt;td&gt;94&lt;/td&gt;\n      &lt;td&gt;94&lt;/td&gt;\n      &lt;td&gt;94&lt;/td&gt;\n      &lt;td&gt;94&lt;/td&gt;\n      &lt;td&gt;94&lt;/td&gt;\n      &lt;td&gt;94&lt;/td&gt;\n    &lt;/tr&gt;\n    &lt;tr&gt;\n      &lt;td&gt;Adam&lt;/td&gt;\n      &lt;td&gt;Johnson&lt;/td&gt;\n      &lt;td&gt;67&lt;/td&gt;\n      &lt;td&gt;67&lt;/td&gt;\n      &lt;td&gt;67&lt;/td&gt;\n      &lt;td&gt;67&lt;/td&gt;\n      &lt;td&gt;67&lt;/td&gt;\n      &lt;td&gt;67&lt;/td&gt;\n      &lt;td&gt;67&lt;/td&gt;\n      &lt;td&gt;67&lt;/td&gt;\n      &lt;td&gt;67&lt;/td&gt;\n      &lt;td&gt;67&lt;/td&gt;\n    &lt;/tr&gt;\n&lt;/div&gt;\n\n&lt;/body&gt;\n&lt;/html&gt;</code></pre>\n</div>\n</div>\n</p>\n\n        \n','https://stackoverflow.com/questions/47788066/how-to-make-this-table-responsive-and-borderd','2017-12-13','null',0,0,17),(79,'How to give breakline in html table.?','SyndContentImpl.mode=null\nSyndContentImpl.type=html\nSyndContentImpl.interface=interface com.sun.syndication.feed.synd.SyndContent\nSyndContentImpl.value=\n            \n\n            <p><a href=\"https://i.stack.imgur.com/517Hh.png\" rel=\"nofollow noreferrer\">Image of table</a>I have designed table with horizontal and vertical scroll bar. Now problem here is in same scrollable there are two tables with same data but i want to give break line after completing the first table data. How to give break line. Here intention is i have to show more than two responsive bordered tables with scrollable. I have tried this code but i am not getting break line.</p>\n\n<p><div class=\"snippet\" data-lang=\"js\" data-hide=\"false\" data-console=\"true\" data-babel=\"false\">\n<div class=\"snippet-code\">\n<pre class=\"snippet-code-html lang-html prettyprint-override\"><code>&lt;!DOCTYPE html&gt;\n&lt;html&gt;\n&lt;head&gt;\n&lt;style&gt;\ntable {\n    border-collapse: collapse;\n    border-spacing: 0;\n    width: 100%;\n    border: 1px solid #ddd;\n}\n\nth, td {\n    text-align: left;\n    padding: 8px;\n}\n\ntr:nth-child(even){background-color: #f2f2f2}\n&lt;/style&gt;\n&lt;/head&gt;\n&lt;body&gt;\n\n\n\n&lt;div style=\"overflow-x:auto;\"&gt;\n  &lt;table&gt;\n    &lt;tr&gt;\n      &lt;th&gt;First Name&lt;/th&gt;\n      &lt;th&gt;Last Name&lt;/th&gt;\n      &lt;th&gt;Points&lt;/th&gt;\n      &lt;th&gt;Points&lt;/th&gt;\n      &lt;th&gt;Points&lt;/th&gt;\n      &lt;th&gt;Points&lt;/th&gt;\n      &lt;th&gt;Points&lt;/th&gt;\n      &lt;th&gt;Points&lt;/th&gt;\n      &lt;th&gt;Points&lt;/th&gt;\n      &lt;th&gt;Points&lt;/th&gt;\n      &lt;th&gt;Points&lt;/th&gt;\n      &lt;th&gt;Points&lt;/th&gt;\n    &lt;/tr&gt;\n    &lt;tr&gt;\n      &lt;td&gt;Jill&lt;/td&gt;\n      &lt;td&gt;Smith&lt;/td&gt;\n      &lt;td&gt;50&lt;/td&gt;\n      &lt;td&gt;50&lt;/td&gt;\n      &lt;td&gt;50&lt;/td&gt;\n      &lt;td&gt;50&lt;/td&gt;\n      &lt;td&gt;50&lt;/td&gt;\n      &lt;td&gt;50&lt;/td&gt;\n      &lt;td&gt;50&lt;/td&gt;\n      &lt;td&gt;50&lt;/td&gt;\n      &lt;td&gt;50&lt;/td&gt;\n      &lt;td&gt;50&lt;/td&gt;\n    &lt;/tr&gt;\n    &lt;tr&gt;\n      &lt;td&gt;Eve&lt;/td&gt;\n      &lt;td&gt;Jackson&lt;/td&gt;\n      &lt;td&gt;94&lt;/td&gt;\n      &lt;td&gt;94&lt;/td&gt;\n      &lt;td&gt;94&lt;/td&gt;\n      &lt;td&gt;94&lt;/td&gt;\n      &lt;td&gt;94&lt;/td&gt;\n      &lt;td&gt;94&lt;/td&gt;\n      &lt;td&gt;94&lt;/td&gt;\n      &lt;td&gt;94&lt;/td&gt;\n      &lt;td&gt;94&lt;/td&gt;\n      &lt;td&gt;94&lt;/td&gt;\n    &lt;/tr&gt;\n    &lt;tr&gt;\n      &lt;td&gt;Adam&lt;/td&gt;\n      &lt;td&gt;Johnson&lt;/td&gt;\n      &lt;td&gt;67&lt;/td&gt;\n      &lt;td&gt;67&lt;/td&gt;\n      &lt;td&gt;67&lt;/td&gt;\n      &lt;td&gt;67&lt;/td&gt;\n      &lt;td&gt;67&lt;/td&gt;\n      &lt;td&gt;67&lt;/td&gt;\n      &lt;td&gt;67&lt;/td&gt;\n      &lt;td&gt;67&lt;/td&gt;\n      &lt;td&gt;67&lt;/td&gt;\n      &lt;td&gt;67&lt;/td&gt;\n    &lt;/tr&gt;\n    &lt;tr&gt;\n      &lt;th&gt;First Name&lt;/th&gt;\n      &lt;th&gt;Last Name&lt;/th&gt;\n      &lt;th&gt;Points&lt;/th&gt;\n      &lt;th&gt;Points&lt;/th&gt;\n      &lt;th&gt;Points&lt;/th&gt;\n      &lt;th&gt;Points&lt;/th&gt;\n      &lt;th&gt;Points&lt;/th&gt;\n      &lt;th&gt;Points&lt;/th&gt;\n      &lt;th&gt;Points&lt;/th&gt;\n      &lt;th&gt;Points&lt;/th&gt;\n      &lt;th&gt;Points&lt;/th&gt;\n      &lt;th&gt;Points&lt;/th&gt;\n    &lt;/tr&gt;\n    &lt;tr&gt;\n      &lt;td&gt;Jill&lt;/td&gt;\n      &lt;td&gt;Smith&lt;/td&gt;\n      &lt;td&gt;50&lt;/td&gt;\n      &lt;td&gt;50&lt;/td&gt;\n      &lt;td&gt;50&lt;/td&gt;\n      &lt;td&gt;50&lt;/td&gt;\n      &lt;td&gt;50&lt;/td&gt;\n      &lt;td&gt;50&lt;/td&gt;\n      &lt;td&gt;50&lt;/td&gt;\n      &lt;td&gt;50&lt;/td&gt;\n      &lt;td&gt;50&lt;/td&gt;\n      &lt;td&gt;50&lt;/td&gt;\n    &lt;/tr&gt;\n    &lt;tr&gt;\n      &lt;td&gt;Eve&lt;/td&gt;\n      &lt;td&gt;Jackson&lt;/td&gt;\n      &lt;td&gt;94&lt;/td&gt;\n      &lt;td&gt;94&lt;/td&gt;\n      &lt;td&gt;94&lt;/td&gt;\n      &lt;td&gt;94&lt;/td&gt;\n      &lt;td&gt;94&lt;/td&gt;\n      &lt;td&gt;94&lt;/td&gt;\n      &lt;td&gt;94&lt;/td&gt;\n      &lt;td&gt;94&lt;/td&gt;\n      &lt;td&gt;94&lt;/td&gt;\n      &lt;td&gt;94&lt;/td&gt;\n    &lt;/tr&gt;\n    &lt;tr&gt;\n      &lt;td&gt;Adam&lt;/td&gt;\n      &lt;td&gt;Johnson&lt;/td&gt;\n      &lt;td&gt;67&lt;/td&gt;\n      &lt;td&gt;67&lt;/td&gt;\n      &lt;td&gt;67&lt;/td&gt;\n      &lt;td&gt;67&lt;/td&gt;\n      &lt;td&gt;67&lt;/td&gt;\n      &lt;td&gt;67&lt;/td&gt;\n      &lt;td&gt;67&lt;/td&gt;\n      &lt;td&gt;67&lt;/td&gt;\n      &lt;td&gt;67&lt;/td&gt;\n      &lt;td&gt;67&lt;/td&gt;\n    &lt;/tr&gt;\n  &lt;/table&gt;\n  &lt;table&gt;\n  &lt;tr&gt;\n      &lt;th&gt;First Name&lt;/th&gt;\n      &lt;th&gt;Last Name&lt;/th&gt;\n      &lt;th&gt;Points&lt;/th&gt;\n      &lt;th&gt;Points&lt;/th&gt;\n      &lt;th&gt;Points&lt;/th&gt;\n      &lt;th&gt;Points&lt;/th&gt;\n      &lt;th&gt;Points&lt;/th&gt;\n      &lt;th&gt;Points&lt;/th&gt;\n      &lt;th&gt;Points&lt;/th&gt;\n      &lt;th&gt;Points&lt;/th&gt;\n      &lt;th&gt;Points&lt;/th&gt;\n      &lt;th&gt;Points&lt;/th&gt;\n    &lt;/tr&gt;\n    &lt;tr&gt;\n      &lt;td&gt;Jill&lt;/td&gt;\n      &lt;td&gt;Smith&lt;/td&gt;\n      &lt;td&gt;50&lt;/td&gt;\n      &lt;td&gt;50&lt;/td&gt;\n      &lt;td&gt;50&lt;/td&gt;\n      &lt;td&gt;50&lt;/td&gt;\n      &lt;td&gt;50&lt;/td&gt;\n      &lt;td&gt;50&lt;/td&gt;\n      &lt;td&gt;50&lt;/td&gt;\n      &lt;td&gt;50&lt;/td&gt;\n      &lt;td&gt;50&lt;/td&gt;\n      &lt;td&gt;50&lt;/td&gt;\n    &lt;/tr&gt;\n    &lt;tr&gt;\n      &lt;td&gt;Eve&lt;/td&gt;\n      &lt;td&gt;Jackson&lt;/td&gt;\n      &lt;td&gt;94&lt;/td&gt;\n      &lt;td&gt;94&lt;/td&gt;\n      &lt;td&gt;94&lt;/td&gt;\n      &lt;td&gt;94&lt;/td&gt;\n      &lt;td&gt;94&lt;/td&gt;\n      &lt;td&gt;94&lt;/td&gt;\n      &lt;td&gt;94&lt;/td&gt;\n      &lt;td&gt;94&lt;/td&gt;\n      &lt;td&gt;94&lt;/td&gt;\n      &lt;td&gt;94&lt;/td&gt;\n    &lt;/tr&gt;\n    &lt;tr&gt;\n      &lt;td&gt;Adam&lt;/td&gt;\n      &lt;td&gt;Johnson&lt;/td&gt;\n      &lt;td&gt;67&lt;/td&gt;\n      &lt;td&gt;67&lt;/td&gt;\n      &lt;td&gt;67&lt;/td&gt;\n      &lt;td&gt;67&lt;/td&gt;\n      &lt;td&gt;67&lt;/td&gt;\n      &lt;td&gt;67&lt;/td&gt;\n      &lt;td&gt;67&lt;/td&gt;\n      &lt;td&gt;67&lt;/td&gt;\n      &lt;td&gt;67&lt;/td&gt;\n      &lt;td&gt;67&lt;/td&gt;\n    &lt;/tr&gt;\n    &lt;/table&gt;\n&lt;/div&gt;\n\n&lt;/body&gt;\n&lt;/html&gt;</code></pre>\n</div>\n</div>\n</p>\n\n        \n','https://stackoverflow.com/questions/47789653/how-to-give-breakline-in-html-table','2017-12-13','null',0,0,17),(80,'facing issue in bootstrap drop-down like border cutting in last option','SyndContentImpl.mode=null\nSyndContentImpl.type=html\nSyndContentImpl.interface=interface com.sun.syndication.feed.synd.SyndContent\nSyndContentImpl.value=\n            \n\n            <p>We have used bootstrap drop-down and facing issue of border cutting in last option of drop-down. see reference image. </p>\n\n<p><a href=\"https://i.stack.imgur.com/JwEzR.png\" rel=\"nofollow noreferrer\"><img src=\"https://i.stack.imgur.com/JwEzR.png\" alt=\"border-cutting\"></a></p>\n\n        \n','https://stackoverflow.com/questions/47791253/facing-issue-in-bootstrap-drop-down-like-border-cutting-in-last-option','2017-12-13','null',0,0,18),(81,'Unable to Display IFrame Output','SyndContentImpl.mode=null\nSyndContentImpl.type=html\nSyndContentImpl.interface=interface com.sun.syndication.feed.synd.SyndContent\nSyndContentImpl.value=\n            \n\n            <p><strong>When I use certain Links(URL), the iframes not displaying in the Output. Solution</strong></p>\n\n<p>Code: <code>&lt;iframe src=\"www.example.com\"&gt;&lt;/iframe&gt;</code></p>\n\n        \n','https://stackoverflow.com/questions/47791064/unable-to-display-iframe-output','2017-12-13','null',0,0,18),(82,'HTML5 Input types (date, week, ...) all selectable not only arrow','SyndContentImpl.mode=null\nSyndContentImpl.type=html\nSyndContentImpl.interface=interface com.sun.syndication.feed.synd.SyndContent\nSyndContentImpl.value=\n            \n\n            <p>Is it possible to make the whole <code>input type=date</code> selectable? </p>\n\n<p>I can only select the date when I click the small arrow on the right. It should be like the jQuery datepicker where I can click wherever I want on the div or input field.</p>\n\n        \n','https://stackoverflow.com/questions/47790627/html5-input-types-date-week-all-selectable-not-only-arrow','2017-12-13','null',0,0,18),(83,'Jquery Gallery with Zoom in/out on Single Click','SyndContentImpl.mode=null\nSyndContentImpl.type=html\nSyndContentImpl.interface=interface com.sun.syndication.feed.synd.SyndContent\nSyndContentImpl.value=\n            \n\n            <p>Is there any Jquery Gallery Library with <em>Zoom in/out</em> feature on Single click. I need a gallery which have option to <em>zoom in/out</em> image on single click. I want to build something like this with <a href=\"http://digital.olivesoftware.com/Olive/ODN/FortWorth/\" rel=\"nofollow noreferrer\">gallery</a> </p>\n\n<p>Anyone guide me which plugin or script I use?</p>\n\n        \n','https://stackoverflow.com/questions/47786314/jquery-gallery-with-zoom-in-out-on-single-click','2017-12-13','null',0,0,18),(84,'To crop/resize an image to change the aspect ratio using CSS','SyndContentImpl.mode=null\nSyndContentImpl.type=html\nSyndContentImpl.interface=interface com.sun.syndication.feed.synd.SyndContent\nSyndContentImpl.value=\n            \n\n            <p>I have an image of size 700px(width) x 333px(height) which have aspect ratio 2.10. I want to display this image in size 327px(width)and 183px(height) with aspect ratio 16:9.The original images could be cropped or resized with minimum distortion and final aspect ratio of each element should be 16:9 and displayed as 327px(width)and 183px(height).Following is the code I tried.\n<code>object-fit: cover;</code> works fine, it crops and resizes the image to size 327px X 183px but it is not supported on all/older browsers versions. What could be an alternative to achieve the same result through CSS supported on all and older browsers?</p>\n\n<p><div class=\"snippet\" data-lang=\"js\" data-hide=\"false\" data-console=\"true\" data-babel=\"false\">\n<div class=\"snippet-code\">\n<pre class=\"snippet-code-js lang-js prettyprint-override\"><code>/*original image  :  http://starmoz.com/images/lancia-gamma5.jpg */</code></pre>\n<pre class=\"snippet-code-css lang-css prettyprint-override\"><code>.cropAndResize {\n    width: 327px;\n    height: 183px;\n    object-fit: cover;\n}</code></pre>\n<pre class=\"snippet-code-html lang-html prettyprint-override\"><code>&lt;body&gt;\n  &lt;div&gt;\n    &lt;img src=\"http://starmoz.com/images/lancia-gamma5.jpg\" class=\"cropAndResize\"&gt;\n  &lt;/div&gt;\n&lt;/body&gt;</code></pre>\n</div>\n</div>\n</p>\n\n        \n','https://stackoverflow.com/questions/47781590/to-crop-resize-an-image-to-change-the-aspect-ratio-using-css','2017-12-12','null',0,0,18),(85,'Set HTML background as two triangles','SyndContentImpl.mode=null\nSyndContentImpl.type=html\nSyndContentImpl.interface=interface com.sun.syndication.feed.synd.SyndContent\nSyndContentImpl.value=\n            \n\n            <p>I am trying to set my HTML background in a way that it looks like it consists of two triangles but I cannot seem to get it to fully fit the page. How would I accomplish that and additionally be able to set a custom color for both?</p>\n\n<p>Here is the code I am working with:</p>\n\n<p><div class=\"snippet\" data-lang=\"js\" data-hide=\"false\" data-console=\"true\" data-babel=\"false\">\n<div class=\"snippet-code\">\n<pre class=\"snippet-code-css lang-css prettyprint-override\"><code>#container {\n  position: relative;\n  height: 800px;\n  width: 800px;\n  overflow: hidden;\n  background: grey;\n  margin-left: -0.4%;\n  margin-top: -0.4%;\n}\n\n#container:before { \n  content: \';\n  position: absolute;\n  left: 28%;\n  top: 28%;\n  width: 1200px; \n  height: 1200px; \n  background-color: rgb(255, 255, 255); /* fallback */\n  background-color: rgba(255, 255, 255, 0.5);\n  -webkit-transition: all 1s;\n  -moz-transition: all 1s;\n  transition: all 1s;\n  -webkit-transform: rotate(45deg);\n  -moz-transform: rotate(45deg);\n  transform: rotate(45deg);\n}</code></pre>\n<pre class=\"snippet-code-html lang-html prettyprint-override\"><code>&lt;div id=\"container\"&gt;&lt;/div&gt;</code></pre>\n</div>\n</div>\n</p>\n\n<p>I tried changing all the height and width to 100vh and 100vw but that did not seem to help and there is no option to get the colors changed. Any help would be appreciated!</p>\n\n        \n','https://stackoverflow.com/questions/47746294/set-html-background-as-two-triangles','2017-12-11','null',0,0,18),(86,'\"Windows 8\"-Like Loading Dots Hover Effect [on hold]','SyndContentImpl.mode=null\nSyndContentImpl.type=html\nSyndContentImpl.interface=interface com.sun.syndication.feed.synd.SyndContent\nSyndContentImpl.value=\n            \n\n            <pre><code>[codepen.io/janrubio/pen/DusIE][1]\n</code></pre>\n\n<p>This is page preloading effect, but I need it flat (as in bottom dotted border) and displayed/loaded on a link hover from left.</p>\n\n        \n','https://stackoverflow.com/questions/47785885/windows-8-like-loading-dots-hover-effect','2017-12-13','null',0,0,18),(87,'How to integrate krpano video plugin in angular 2 project','SyndContentImpl.mode=null\nSyndContentImpl.type=html\nSyndContentImpl.interface=interface com.sun.syndication.feed.synd.SyndContent\nSyndContentImpl.value=\n            \n\n            <p>I want to integrate krpano plugin in my project for playing 360 videos with points.</p>\n\n        \n','https://stackoverflow.com/questions/47787037/how-to-integrate-krpano-video-plugin-in-angular-2-project','2017-12-13','null',0,0,18);
/*!40000 ALTER TABLE `pages` ENABLE KEYS */;
UNLOCK TABLES;

--
-- Table structure for table `users`
--

DROP TABLE IF EXISTS `users`;
/*!40101 SET @saved_cs_client     = @@character_set_client */;
/*!40101 SET character_set_client = utf8 */;
CREATE TABLE `users` (
  `id` int(6) unsigned NOT NULL AUTO_INCREMENT,
  `user_name` varchar(30) DEFAULT NULL,
  `password` varchar(60) DEFAULT NULL,
  PRIMARY KEY (`id`)
) ENGINE=InnoDB AUTO_INCREMENT=8 DEFAULT CHARSET=latin1;
/*!40101 SET character_set_client = @saved_cs_client */;

--
-- Dumping data for table `users`
--

LOCK TABLES `users` WRITE;
/*!40000 ALTER TABLE `users` DISABLE KEYS */;
INSERT INTO `users` VALUES (5,'admin','admin'),(6,'0','0'),(7,'1','1');
/*!40000 ALTER TABLE `users` ENABLE KEYS */;
UNLOCK TABLES;
/*!40103 SET TIME_ZONE=@OLD_TIME_ZONE */;

/*!40101 SET SQL_MODE=@OLD_SQL_MODE */;
/*!40014 SET FOREIGN_KEY_CHECKS=@OLD_FOREIGN_KEY_CHECKS */;
/*!40014 SET UNIQUE_CHECKS=@OLD_UNIQUE_CHECKS */;
/*!40101 SET CHARACTER_SET_CLIENT=@OLD_CHARACTER_SET_CLIENT */;
/*!40101 SET CHARACTER_SET_RESULTS=@OLD_CHARACTER_SET_RESULTS */;
/*!40101 SET COLLATION_CONNECTION=@OLD_COLLATION_CONNECTION */;
/*!40111 SET SQL_NOTES=@OLD_SQL_NOTES */;

-- Dump completed on 2017-12-14 15:02:00
